V1,PT
GTCCGATTCGCTGC,60.37977218
ATTGTAATTATAGA,60.37977193
CCGTTATTCCACAT,60.37730954
TTCTTCTACACGGC,60.37409472
CCGTTATTCATTAT,60.37381689
ACATGTAATCATAT,60.37258942
TACCTGACTTTTGA,60.37008048
ATTGTAATCACGGC,60.36541858
ATTGTAATCTTTAA,60.36374596
CCGTTATTGTGCGC,60.36309656
TACCTGACACCGGC,60.36268228
TGTTAACTGCGAGC,60.36195798
TACCTGACCATTAT,60.35831897
AGGACCGCTATAGA,60.35593667
GTCCGATTGGGTCG,60.35522299
ACATGTAATTTTGA,60.35262286
ACATGTAATGGCCG,60.34839464
TGTTAACTGCGGTC,60.34839438
TGTTAACTCGGGCT,60.34839413
TGTTAACTTCGGGC,60.34839388
CCGTTATTTCGGGC,60.34839363
ATTGTAATTCGGGC,60.34839337
ACATGTAAGCGCTG,60.34839312
TTCTTCTAGCGCTG,60.34839287
ATTGTAATGCGCTG,60.34839262
GTCCGATTCACGGC,60.34839237
TACCTGACCACGGC,60.34839211
CCGTTATTTCTTAA,60.34839186
TACCTGACGATAAT,60.34839161
GTCCGATTATAAAC,60.34839136
TACCTGACATAAAC,60.3483911
CCGTTATTGCGAGC,60.34839085
CCGTTATTCACCAA,60.3483906
CACGAGTTTCATAT,60.34839035
GTCCGATTTCATAT,60.3483901
AGGACCGCTCATAT,60.34838984
CCGTTATTTCATAT,60.34838959
TTCTTCTACTTTAA,60.34838934
TTCTTCTAAGATTA,60.34838909
CCGTTATTAGATTA,60.34838883
ATTGTAATAGATTA,60.34838858
TGTTAACTGTGCGC,60.34838833
TGTTAACTGCCGTG,60.34838808
ACATGTAAGCCGTG,60.34838783
ACATGTAACGCGCA,60.34838757
CACGAGTTAGACCT,60.34838732
GTCCGATTAGACCT,60.34838707
TGTTAACTTATTGT,60.34838682
ACATGTAATATTGT,60.34838656
AGGACCGCTATTGT,60.34838631
AGGACCGCCTATAT,60.34838606
TGTTAACTACTTAT,60.34838581
TACCTGACGGTGGC,60.34838556
CCGTTATTGGTGGC,60.3483853
ATTGTAATGGTGGC,60.34838505
CCGTTATTGCCCTC,60.3483848
TGTTAACTTATGAA,60.34838455
CACGAGTTTATGAA,60.3483843
TACCTGACTATGAA,60.34838404
TTCTTCTATATGAA,60.34838379
ATTGTAATTATGAA,60.34838354
TGTTAACTCATTAT,60.34838329
ACATGTAACATTAT,60.34838303
GTCCGATTCATTAT,60.34838278
TGTTAACTACAATA,60.34838253
ACATGTAAACAATA,60.34838228
TTCTTCTAACAATA,60.34838203
CCGTTATTACAATA,60.34838177
TGTTAACTGGGTCG,60.34838152
TACCTGACGGGTCG,60.34838127
CCGTTATTGGGTCG,60.34838102
TGTTAACTCGAGGC,60.34838076
TGTTAACTACCGGC,60.34838051
GTCCGATTACCGGC,60.34838026
CCGTTATTACCGGC,60.34838001
TGTTAACTTTTCTT,60.34837976
CCGTTATTTTTCTT,60.3483795
ATTGTAATTTTCTT,60.34837925
TGTTAACTTATAGA,60.348379
TACCTGACTATAGA,60.34837875
CCGTTATTTATAGA,60.34837849
GTCCGATTCAAATA,60.34837824
TACCTGACCAAATA,60.34837799
TGTTAACTAATTCT,60.34837774
ACATGTAAAATTCT,60.34837749
GTCCGATTAATTCT,60.34837723
TACCTGACAATTCT,60.34837698
TGTTAACTTTTACA,60.34837673
ATCTCAGGAAATTG,60.34837648
TGCAGCTAGCTCGC,60.34837622
GTCCGATTTATTGT,60.10087576
CCGTTATTCGCGCA,60.06608607
TACCTGACACAATA,60.05805669
AGGACCGCCAAATA,59.66347948
GCTCATGACGAGGC,59.64618282
TACCTGACTCATAT,59.28040134
AGGACCGCGGGTCG,59.27600869
TGTTAACTCCACAT,59.25130307
GTCCGATTTTTTGA,59.24523706
GTCCGATTCGAGGC,59.24523681
CCGTTATTAGCGGG,59.24523656
ACATGTAACACGGC,59.2451299
CACGAGTTCGCCCT,59.24405742
TACCTGACTATTGT,59.24254402
GCTACGCTCTATAT,59.24241377
AGGACCGCGGTGGC,58.95389411
ATTGTAATCGCGCA,58.94381389
AAGAGGCAGCGCTG,58.90169691
TACCTGACCTAGTG,58.88706588
GTAGAGGAGCGCTG,58.88706563
CCGTTATTCACGGC,58.88706538
AGGACCGCACCGGC,58.88706512
GGAGCTACATGAAT,58.88706487
CGAGGCTGCGCCCT,58.88706462
AGGACCGCCACGGC,58.88706437
CACGAGTTACTTAT,58.88706412
TGTTAACTCCTGGC,58.88706386
TACCTGACCACCAA,58.88706361
GTAGAGGATCGGGC,58.88706336
CCGTTATTGCCAGG,58.88706311
CGAGGCTGCTAGTG,58.88706285
ATTGTAATAGCGGG,58.8870626
AAGAGGCACCACAT,58.88706235
ATTGTAATCACCAA,58.8870621
ATTGTAATGATAAT,58.88706185
GCTACGCTAGACCT,58.88706159
ATTGTAATGCGAGC,58.87472377
GCTACGCTTCTTAA,58.87397149
TTCTTCTATTTTGA,58.86085014
GCTACGCTGATAAT,58.8493881
TTCTTCTAGCCCTC,58.83474197
CCGTTATTTATGAA,58.82617828
TTCTTCTATTTACA,58.81088031
CGAGGCTGGATAAT,58.80257195
CACGAGTTGCGAGC,58.77737892
ATTGTAATGGGTCG,58.74205581
TTCTTCTATCATAT,58.68405293
ACATGTAAGCCCTC,58.655983
TACCTGACTGATTT,58.65476924
GTCCGATTAGCGGG,58.62121118
GTCCGATTTCTTAA,58.59577647
TACCTGACGCGAGC,58.59048209
CACGAGTTCTTTAA,58.3796082
CGAGGCTGTCGGGC,58.31204225
TGTTAACTTTTTGA,58.30879242
ACATGTAACGAGGC,58.13924154
GTCCGATTCGCGCA,58.03203633
CGAGGCTGGCGCTG,57.9662693
ACATGTAAACCGGC,57.95061019
CCGTTATTGTAATA,57.94617611
ATTGTAATAGACCT,57.92667518
TGTTAACTAGACCT,57.90747604
ACATGTAAGTACCG,57.88628669
ACATGTAACACCAA,57.88342944
TGTTAACTAATCTT,57.88231071
TTCTTCTACATTAT,57.87314453
ACATGTAATATAGA,57.87187389
CGAGGCTGTATGAA,57.80849652
GTCCGATTAGATTA,57.79973953
CACGAGTTGGGTCG,57.79315395
TGTTAACTCAAATA,57.79035097
TACCTGACCCACAT,57.74692069
CCGTTATTCGAGGC,57.74692044
GCTACGCTCGGCCA,57.24561511
GTAGAGGACTTTAA,57.24561486
TGTTAACTCACCAA,57.2438602
GTCCGATTTAGTAA,57.21726023
AGGACCGCTATGAA,57.15802991
ACATGTAATCTTAA,57.09636462
CGAGGCTGTGGCCG,57.08415283
TACCTGACAGATTA,57.0793988
ACATGTAAATACAA,57.06449211
ATTGTAATCGAGGC,57.04793156
ACATGTAACCACAT,57.04366581
TGTTAACTCGCTGC,57.03588431
CCGTTATTCTTTAA,57.03211516
ATTGTAATAATCTT,57.0310407
TTCTTCTAGATAAT,57.03074525
TGTTAACTCACGGC,57.02114166
CCGTTATTCAAATA,57.01826149
GCTACGCTTCGGGC,57.01135346
TGTTAACTCTTTAA,57.00703513
ACATGTAAGTGCGC,56.99352086
TGTTAACTTGGCCG,56.98661634
GTAGAGGATGGCCG,56.97940995
ATTGTAATCGGGCT,56.97710044
ATTGTAATGCCAGG,56.97118485
GTAGAGGACTATAT,56.967244
ATTGTAATCTAGTG,56.96318344
ATTGTAATCGCTGC,56.95911514
GTCCGATTGCGAGC,56.9581407
ACATGTAATTTCTT,56.92956553
GTCCGATTTGATTT,56.92571518
TGTTAACTCGGCCA,56.91859104
ACATGTAAGGGTCG,56.91835836
TACCTGACTGGCCG,56.26569978
CACGAGTTTCTTAA,56.25663381
ACATGTAACGGCCA,56.24707912
TACCTGACGCGGTC,56.24707078
TACCTGACGTGCGC,56.24428923
TGTTAACTTCATAT,56.24211849
TGTTAACTGGTGGC,56.1845121
TACCTGACCGGGCT,55.95225347
ACATGTAAAGATTA,55.95166019
CACGAGTTCGCTGC,55.90901574
CCGTTATTCTAGTG,55.90595942
TGTTAACTAGATTA,55.90274083
CCGTTATTCGCTGC,55.89887387
TGTTAACTCTAGTG,55.89797611
AGGACCGCAGATTA,55.89574465
CCGTTATTTGGCCG,55.87893492
ATCTCAGGAATACA,55.65084372
GCTACGCTACAATA,55.6213654
CCGTTATTCGGCCA,55.59695049
GTCCGATTGCGGTC,55.5308988
ACATGTAAGATAAT,55.35902888
ACATGTAATGATTT,55.25509846
CTCTCTACGGTGGC,55.23449852
AGGACCGCTGGCCG,55.18046113
TTCTTCTACGAGGC,55.18046088
TGTTAACTAGCGGG,55.14689599
TCGACGTCCCGTCG,55.03764549
CCGTTATTCGGGCT,55.00027094
GTAGAGGAGTGCGC,54.89944247
GTCCGATTCCACAT,54.87644764
TCCTGAGCCTATAT,54.87644738
GCTACGCTTTTTGA,54.87598876
TTCTTCTAACCGGC,54.8758588
AGGACCGCTTTCTT,54.87491367
GCTACGCTCGCCCT,54.87341992
CACGAGTTTATAGA,54.87083208
CTCTCTACCTATAT,54.86528696
GTCCGATTCCTGGC,54.86528671
ACATGTAACCTGGC,54.86528646
TTCTTCTACGGGCT,54.8652862
TACCTGACGCCCTC,54.86528595
CCGTTATTTTTACA,54.8652857
CCGTTATTCCTGGC,54.86528545
AGGACCGCACAATA,54.86528519
GTCCGATTCGGCCA,54.86528494
GTAGAGGAGCCGTG,54.86528469
GTCCGATTCGCCCT,54.86528444
CCGTTATTAATCTT,54.86528419
TTCTTCTATATAGA,54.86528393
CGAGGCTGCCACAT,54.86528368
GCTACGCTCGCGCA,54.86528343
AGGACCGCTCGGGC,54.86528318
CGAGGCTGTTTTGA,54.55849048
CCACGGCCGCGCTG,54.53199097
ACATGTAATTTACA,54.53199072
GTCCGATTCACCAA,54.5311263
CCACGGCCCTATAT,54.53071116
AAGAGGCAGGTGGC,54.52180228
AAGAGGCATTTTGA,54.49751006
CACGAGTTCTAGTG,54.48163955
TACCTGACTCTTAA,54.4816393
CACGAGTTCGCGCA,54.48163905
GTAGAGGAAGACCT,54.4816388
CGGAGCCTTAATGA,54.48163854
CGAGGCTGTATTGT,54.47512987
TGTTAACTGTAATA,54.47208296
AGGACCGCCTTTAA,54.46317011
CACGAGTTGTAATA,54.45369786
TTCTTCTATAGTAA,54.44939144
CTCTCTACTGGCCG,54.44928969
ATTGTAATGTACCG,54.44542839
TTCTTCTACGCTGC,54.4409629
CCGTTATTTCCCGC,54.43725684
CGAGGCTGCGGCCA,54.42493294
TGTTAACTATACAA,54.41535223
CACGAGTTACAATA,54.41230401
CTCTCTACCATTAT,54.41122767
ATTGTAATTAGTAA,54.40893344
TCCTGAGCAGACCT,54.39966761
ATTGTAATGCGGTC,54.39055789
TCGACGTCCCTGGC,54.35733895
GCTACGCTGTGCGC,54.3469688
CACGAGTTTGGCCG,54.34339829
CGAGGCTGCTATAT,54.31079625
ACATGTAATATGAA,54.27881573
AGGACCGCGCCAGG,54.21106036
AGGACCGCCACCAA,54.1951231
TGTTAACTGCCCTC,54.1581678
CTCTCTACTGATTT,54.06825093
TTCTTCTACAAATA,54.06349589
TAAGGCGAATACAA,54.0548426
TCGACGTCCCGGAC,54.05207213
TCCTGAGCTCGGGC,54.03676807
CTCTCTACGATAAT,53.99978396
TTCTTCTACTAGTG,53.93538768
CAGAGAGGCATTAT,53.91627569
CTCTCTACATACAA,53.88848522
TTCTTCTAGGGTCG,53.88170323
GCTACGCTTGGCCG,53.84780283
TACCTGACGCCAGG,53.83744477
GTAGAGGATCTTAA,53.7794548
CACGAGTTTTTACA,53.73577421
GCTACGCTACTTAT,53.7333228
GTAGAGGACGCGCA,53.71814718
GTCCGATTTTTCTT,53.69904679
GCTACGCTGCGCTG,53.69270933
ATTGTAATATTTCA,53.66574158
GCTACGCTTGATTT,53.65243463
ATTGTAATGCCCTC,53.64435405
CTCTCTACGCGCTG,53.64151391
ATTGTAATCATTAT,53.61150716
TAAGGCGAAGATTA,53.59684486
AGGACCGCCGGCCA,53.5707353
TACCTGACCGAGGC,53.31479524
AAGAGGCACTATAT,53.31479498
CACGAGTTACCGGC,53.27875299
CAGAGAGGCTATAT,53.25002283
TTCTTCTAGCCAGG,53.15043913
GCTACGCTGCGGTC,53.09517877
GCTACGCTGGTGGC,53.0769549
CGAGGCTGTCTTAA,53.05886298
ACATGTAACGCCCT,53.04345556
CGTACTAGCTATAT,52.96143397
GCTACGCTCATTAT,52.95261372
GTCCGATTTATAGA,52.92284049
TCCTGAGCATACAA,52.91283457
ATCTCAGGAATCTT,52.90019656
CTCTCTACGCGGTC,52.87634412
CTCTCTACGTAATA,52.81172913
CACGAGTTGTACCG,52.80986971
TTCTTCTACACCAA,52.68086873
AAGAGGCATCTTAA,52.65468744
AGGACCGCCGCCCT,52.61843829
AAGAGGCACACGGC,52.58600369
GTCCGATTACAATA,52.48794762
TACCTGACAAAGTT,52.48471707
ACATGTAAGCGAGC,52.45156363
CCACGGCCAATTCT,52.40526373
GTAGAGGACACGGC,52.37640098
TAAGGCGAAGACCT,52.37637849
AAGAGGCACTAGTG,52.34919699
ACTCGCTAACTTAT,52.34919674
CGTACTAGAATTCT,52.34919649
ATTGTAATTCCCGC,52.34919624
ATGCGCAGTTTACA,51.9347748
GGAGCTACATCAAA,51.90731369
CCACGGCCTCTTAA,51.72840666
GTAGAGGAGATAAT,51.53899846
CAGAGAGGAGACCT,51.53899821
TTCTTCTAGCGAGC,51.53899796
AGGACCGCCGCTGC,51.53899771
TAGGCATGGTAATA,51.53899745
GCTACGCTCGGGCT,51.5389972
CTCTCTACCGGGCT,51.53899695
GTCCGATTCTAGTG,51.5389967
CCGTTATTTGATTT,51.53899645
GTAGAGGATGATTT,51.53899619
AGGACCGCGTAATA,51.53899594
TAAGGCGAGTAATA,51.53899569
CCGTTATTATACAA,51.53899544
GCTACGCTATACAA,51.53899518
TAGGCATGTCGGGC,51.53899493
AGGACCGCTCTTAA,51.53899468
GTAGAGGAAGATTA,51.53899443
AAGAGGCAGTGCGC,51.53899418
CGAGGCTGACTTAT,51.53899392
CACGAGTTGGTGGC,51.53899367
GCTACGCTGCCCTC,51.53899342
GCTACGCTTATGAA,51.53899317
ACATGTAACAAATA,51.53899292
CCGTTATTTAGTAA,51.53899266
TGTTAACTATTTCA,51.53899241
TGTTAACTATTCTA,51.53899216
AAGAGGCAAGACCT,51.53899191
CGAGGCTGTGATTT,51.53899165
AGGACCGCCGGGCT,51.5389914
TTCTTCTATTTCTT,51.53899115
CTCTCTACACAATA,51.5389909
AGGACCGCCTAGTG,51.53899065
TGTTAACTTGATTT,51.53899039
TCGACGTCCCCTGG,51.53899014
CCGTTATTAGGGGC,51.53898989
CACGAGTTTCCCGC,51.53898964
CAGAGAGGACTTAT,51.53898938
CTCTCTACTCTTAA,51.53898913
GTAGAGGATATGAA,51.53898888
TACCTGACTTTACA,51.53898863
CTCTCTACGTGCGC,51.53898838
TCGACGTCCCCACG,51.53898812
GTAGAGGATTTTGA,51.53898787
TACCTGACGTACCG,51.53898762
CTCTCTACCGCGCA,51.53898737
CGAGGCTGGCCCTC,51.53898711
TAAGGCGAGTGCGC,51.53898686
TCCTGAGCTATGAA,51.53898661
GTAGAGGACGGGCT,51.53898636
TAGGCATGGATAAT,51.53898611
GGACTCCTCTATAT,51.53898585
CGAGGCTGGCCGTG,51.52764409
AGGACCGCCGAGGC,51.5091958
AGGACCGCGCGGTC,51.48878251
TGTTAACTGACCGC,51.4770224
ATTGTAATATTCTA,51.45744197
TACGCTGCTATAGA,51.41762472
CCACGGCCTCATAT,51.39762523
TGTTAACTTCCCGC,51.2940961
ACATGTAACGCTGC,51.2570848
GCTACGCTCTAGTG,51.25184665
CTCTCTACTTTTGA,51.25110058
GCTACGCTGTAATA,51.23864353
GCTACGCTAGCGGG,51.23684993
TCCTGAGCCACCAA,51.23205796
TAAGGCGACGGCCA,51.21092793
TCCTGAGCGCCGTG,51.20293
TCCTGAGCTGGCCG,51.19753803
CGTACTAGACAATA,51.17619096
GCTACGCTCCACAT,51.17024422
TAGGCATGCTAGTG,51.14359185
CACGAGTTGCCAGG,51.12366567
CCACGGCCTATGAA,50.94779559
GGACTCCTACTTAT,50.9148204
TAAGGCGAACTTAT,50.90752408
CACGAGTTCGAGGC,50.89891784
CCGTTATTGTACCG,50.88426109
AGGACCGCCATTAT,50.85757445
TACGCTGCTATTGT,50.80973667
CAGAGAGGATACAA,50.46028252
CCACGGCCCGGGCT,50.38926047
CTCTCTACCCACAT,50.31413177
GCTCATGACGCGCA,50.23713069
TGCAGCTAGGGCAG,50.00487544
ATTGTAATACCGGC,50.00487518
TAAGGCGATCTTAA,50.00487493
CGAGGCTGAGCGGG,49.99209759
CTCTCTACCTTTAA,49.97743543
AGGACCGCTTTACA,49.95371711
AGGACCGCTTTTGA,49.90160711
CCGTTATTGCCGTG,49.89870899
TTCTTCTAATTTCA,49.8863647
AAGAGGCACGGCCA,49.88186515
TCCTGAGCCGCTGC,49.87442284
CACGAGTTGCCGTG,49.85568736
GCTACGCTTATTGT,49.80894296
CTCTCTACCTAGTG,49.80894271
TCCTGAGCCGCGCA,49.80894246
CCACGGCCGCGGTC,49.8089422
TCGACGTCCCCCGT,49.80894195
ATGCGCAGTTAATC,49.8089417
GGACTCCTTTTTGA,49.80894145
AAGAGGCAACAATA,49.80894119
CGAGGCTGATACAA,49.80894094
CCGTTATTCGCCCT,49.80894069
ATTGTAATACGGGG,49.79527336
TAAGGCGATCGGGC,49.77865506
TCCTGAGCAGCGGG,49.7723936
ACATGTAAACTTAT,49.76630682
GCTCATGACGGCCA,49.75021145
CTCTCTACGCCCTC,49.67748609
CGAGGCTGGCGGTC,49.65100615
TCCTGAGCCCACAT,49.64454332
TCCTGAGCTGATTT,49.60720905
GTCCGATTTCCCGC,49.58941666
ACATGTAAGCCAGG,49.57469577
TAAGGCGAGCGCTG,49.5653129
CGTACTAGCATTAT,49.53475638
GCTACGCTGCCGTG,49.53475613
TTCTTCTACCTGGC,49.53475587
TCCTGAGCTCTTAA,49.53475562
CCACGGCCGTAATA,49.53475537
TACCTGACCCTGGC,49.21658953
CGGAGCCTTAAGAT,49.20154217
AGGACCGCAGCGGG,49.17836571
CGTACTAGGCCCTC,49.01710915
TCCTGAGCCTAGTG,48.87478728
TACCTGACGCACGG,48.87478702
CACGAGTTTTTTGA,48.87478677
AAGAGGCACTTTAA,48.79701157
CAGAGAGGGATAAT,48.71162173
GCTACGCTTTGAAA,48.68176922
CGAGGCTGCGCGCA,48.66287218
CCACGGCCGCGAGC,48.46529173
AAGAGGCATGATTT,48.46529148
CTCTCTACCACCAA,48.46529122
TACCTGACCGCCCT,48.46529097
CCACGGCCCCTGGC,48.46529072
GCTACGCTTAGTAA,48.46529047
AAGAGGCACGCTGC,48.45843026
GGACTCCTCACGGC,48.45653277
GCTCATGACGGGCT,48.45653252
ATCTCAGGAAAGTT,48.45653227
CGAGGCTGGTAATA,48.37917486
TAAGGCGACGCGCA,48.32910932
CAGAGAGGCTAGTG,48.32444963
AAGAGGCAGCCGTG,48.28852595
TAGGCATGATACAA,48.01854063
TACCTGACTAGTAA,47.83182465
AAGAGGCAACTTAT,47.82735147
TAGCGCTCTTTCTT,47.8231226
TAGGCATGACAATA,47.82023148
CTCTCTACGCCGTG,47.82023123
ATTGTAATAGGGGC,47.82023098
CTCTCTACAGATTA,47.82023072
TCCTGAGCCGGGCT,47.67168429
TCCTGAGCGCGCTG,47.66276693
GTAGAGGAGGGTCG,47.58342369
GTCCGATTGTAATA,47.39369933
CGAGGCTGATTTCA,47.39369908
CGTACTAGCACGGC,47.39369882
CGGAGCCTTAAAGT,47.39369857
CCACGGCCCGCGCA,47.3187403
CAGAGAGGTATGAA,47.29489826
TAGGCATGCACGGC,47.27448889
CTCTCTACTATTGT,46.8782547
TGTTAACTGCACGG,46.87825445
CCGTTATTGCGGTC,46.8782542
AAGAGGCAGTAATA,46.87825394
CTCTCTACAGCGGG,46.87825369
CCACGGCCTGATTT,46.87825344
AAGAGGCATATTGT,46.87825319
AGGCAGAACTATAT,46.87825294
CGTACTAGACTTAT,46.87825268
CCACGGCCAGATTA,46.8764001
CGAGGCTGAGACCT,46.8603687
TAAGGCGACACGGC,46.86036845
GTCCGATTGTACCG,46.85987814
GGACTCCTTCATAT,46.85751227
CCACGGCCCATTAT,46.85527993
ATGCGCAGTTGAAA,46.85417578
GGACTCCTGTAATA,46.84716798
TACCTGACAGCGGG,46.58494405
CTCTCTACAGACCT,46.49029886
TACCTGACCGCTGC,46.33436083
TCCTGAGCCATTAT,46.33436058
TGCAGCTAGGCGTC,46.33436033
CCACGGCCTATAGA,46.2868707
GGACTCCTTATGAA,46.26816744
TAGCGCTCCCACAT,46.26716563
GGACTCCTGCGGTC,45.99011204
GTAGAGGAGTAATA,45.96953296
GTCCGATTAGGGGC,45.94542684
GTCCGATTCAGGGG,45.93546105
TAGGCATGGCGGTC,45.83616507
AAGAGGCACGCGCA,45.76267123
TAGGCATGTATGAA,45.76267098
CACGAGTTCAGGGG,45.76267073
TAGCGCTCCTAGTG,45.76267048
CGTACTAGATACAA,45.76267023
TCCTGAGCGTGCGC,45.76266997
CAGAGAGGCGCGCA,45.76266972
TGTTAACTCGCCCT,45.75416798
TAAGGCGAGCGGTC,45.71069857
CACGAGTTGCACGG,45.70066644
GCTCATGACGCTGC,45.66073602
CCACGGCCTATTGT,45.60994951
CACGAGTTAGGGGC,45.54377223
AGGCAGAAGGTGGC,45.50363433
CGTACTAGCGCGCA,45.43175864
GTCCGATTGGTGGC,45.4217189
CCGTTATTGGGGAC,45.37964602
TCCTGAGCGCCCTC,45.35746526
TCCTGAGCGCGGTC,45.30230815
GTAGAGGACGCTGC,45.28834733
TGTTAACTGGGGAC,45.10322429
CACGAGTTGGGGAC,45.08240121
AAGAGGCACGCCCT,44.62927937
TCCTGAGCGGTGGC,44.54706745
GGACTCCTGCCCTC,44.5470672
CGTACTAGTTTTGA,44.54706695
TAGGCATGTTTTGA,44.5470667
CAGAGAGGCGCCCT,44.5133526
TAGGCATGTGGCCG,44.44942511
TAAGGCGACTATAT,44.44942485
GTAGAGGACATTAT,44.4494246
CAGAGAGGACAATA,44.44942435
CAGAGAGGCGGGCT,44.28536104
ATTGTAATCAGGGG,44.28536079
CAGAGAGGTGATTT,44.28536054
TCCTGAGCGTAATA,44.28536028
CAGAGAGGCACGGC,44.28536003
CCACGGCCGTGCGC,44.28535978
CCACGGCCGCCGTG,44.28535953
TAGGCATGCGCGCA,44.28535928
CCACGGCCAGACCT,44.28535902
CTCTCTACCGCCCT,44.28535877
CCACGGCCTTTTGA,44.28535852
AAGAGGCATATGAA,44.28535827
CCACGGCCGGGTCG,44.28535801
GCTACGCTCAAATA,44.28535776
CACGAGTTCCTGGC,44.28535751
CGGAGCCTTAGTAA,44.28535726
CGGAGCCTGTTTAT,44.28535701
CCGTTATTGGCGTC,44.28535675
CCACGGCCCGCTGC,44.2853565
CAGAGAGGGCGGTC,44.2411726
TCCTGAGCACCGGC,44.19804457
TAGGCATGAGATTA,43.88526202
CTCTCTACTCATAT,43.88526177
AAGAGGCACATTAT,43.88526151
GGACTCCTGTGCGC,43.76286337
TGTTAACTTAATGA,43.6795548
CCACGGCCGTACCG,43.59204537
TAAGGCGATGGCCG,43.58200742
ATTGTAATAATACA,43.57758139
CTCTCTACCGGCCA,43.57623774
AGGCAGAAGTAATA,43.53332409
GGACTCCTACAATA,43.53177132
CAGAGAGGTTTTGA,43.50353918
GCTACGCTTATAGA,43.5003694
GCTACGCTACCGGC,43.47579273
CGTACTAGAGACCT,43.47214811
CCACGGCCTTTACA,43.47075007
GGACTCCTCTTTAA,43.43553178
CACGAGTTGCGGTC,43.35124483
GGACTCCTCGCCCT,43.33794302
CGTACTAGGATAAT,43.3196101
CGTACTAGCACCAA,43.31408115
GGACTCCTCGGCCA,43.29668311
GCTACGCTATTTCA,43.2940828
CGAGGCTGGTGCGC,43.25749965
CGAGGCTGACCGGC,42.80592566
TCCTGAGCACTTAT,42.7810566
GGACTCCTATACAA,42.7574447
CGAGGCTGAATCTT,42.70683955
TACCTGACTTTCTT,42.70660464
GTAGAGGAGCGGTC,42.68476774
TACCTGACATTTCA,42.36825611
ATTGTAATTGGCCG,42.36825586
CGTACTAGTGGCCG,42.36825561
CGTACTAGGGTGGC,42.36825536
CAGAGAGGGGTGGC,42.3682551
CGAGGCTGACGGGG,42.36825485
TGTTAACTCAGGGG,42.3682546
ACATGTAATCGGGC,42.36825435
CCACGGCCGATAAT,42.3682541
AGGACCGCTCCCGC,42.36825384
AGGACCGCGCGAGC,42.36825359
TGTTAACTGCCAGG,42.36825334
TGCAGCTAGGGGAC,42.36825309
CGGAGCCTTACTAT,42.36825283
GTCCGATTGCACGG,42.35352279
CAGAGAGGTGGCCG,42.35311839
ATTGTAATGGGGAC,42.32664454
GCTACGCTACGGGG,42.3255655
CGAGGCTGCAAATA,42.3151168
ATTGTAATGGCGTC,42.3124457
CCGTTATTACGGGG,42.26410929
AGGCAGAAGTGCGC,42.25279076
TAGGCATGTCTTAA,42.18163943
GGACTCCTTCTTAA,42.16924973
GTCCGATTGGGGAC,42.15318278
TAAGGCGACGCCCT,42.09186009
TAGGCATGCGGCCA,41.93501977
AAGAGGCAGCCCTC,41.92287169
CGTACTAGGTAATA,41.86366569
TCCTGAGCTCATAT,41.83795642
GCTCATGACGCCCT,41.83795616
TTCTTCTACGCCCT,41.83795591
CTCTCTACACGGGG,41.83795566
AAGAGGCAAATTCT,41.83795541
AGGACCGCCCTGGC,41.83795516
TGTTAACTTAGTAA,41.8379549
GGAGCTACATATAG,41.83795465
CAGAGAGGTCTTAA,41.83179318
CTCTCTACGGGTCG,41.78427691
TGTTAACTGGCGTC,41.77191487
AAGAGGCATGGCCG,41.76575532
GTCCGATTCGTGGG,41.74692764
CCACGGCCACTTAT,41.18944829
GTAGAGGACCACAT,41.12727813
CTCTCTACTTTCTT,41.12628454
TTCTTCTAGTACCG,41.11586933
GTAGAGGATATTGT,41.09023738
CGTACTAGGCGAGC,41.05001151
CAGAGAGGCCACAT,41.03825244
CCACGGCCATACAA,40.95801582
CCACGGCCCTTTAA,40.94577595
AAGAGGCAAAGATT,40.82694682
TGTTAACTGCTCGC,40.82694657
GCTACGCTCACGGC,40.82694632
CGTACTAGTCTTAA,40.82694607
TAGCGCTCTTTTGA,40.82694581
AAGAGGCATCCCGC,40.82694556
CCACGGCCGGTGGC,40.82694531
TAAGGCGAGCCGTG,40.82694506
GGACTCCTTGATTT,40.82694481
CAGAGAGGCTTTAA,40.78210306
AGGCAGAACGGGCT,40.77479586
CACGAGTTTATTGT,40.76857467
CCACGGCCGCACGG,40.75635365
TAAGGCGATGATTT,40.61391837
TAGGCATGCGCCCT,40.57985578
GGACTCCTCGCTGC,40.57004141
CACGAGTTACGGGG,40.56607713
TTCTTCTAGCACGG,40.55642364
GGACTCCTCACCAA,40.45252007
TAAGGCGAAGCGGG,40.44293225
CCACGGCCGCCAGG,40.3127774
TACGCTGCTGATTT,40.26823198
TAAGGCGAGGGCAG,40.15898154
GTAGAGGAAGCGGG,40.12974388
CCACGGCCCTAGTG,40.12707386
TGTTAACTATCAAA,39.97205308
ATCTCAGGAAGATT,39.97205283
AAGAGGCAGCGGTC,39.97205257
AGGACCGCTAGTAA,39.95970109
CGTACTAGGCCGTG,39.95775243
TACCTGACGACCGC,39.95701163
CGAGGCTGCACGGC,39.95631602
TCCTGAGCCGAGGC,39.94684034
AAGAGGCATTTACA,39.94346845
AGGCAGAAACTTAT,39.94210909
AGGACCGCAGGGGC,39.92622754
TGTTAACTAGGGGC,39.91478846
ACATGTAAAGCGGG,39.88116911
TAGGCATGGCCGTG,39.87941139
AGGCAGAAGCGGTC,39.85025303
TAGGCATGTGATTT,39.79020224
GTCCGATTACGGGG,39.60247363
CGAGGCTGGCCAGG,39.59976772
ACATGTAATCTGCA,39.5939376
GTCCGATTGGAGCC,39.539111
AAGAGGCACGGGCT,39.53760836
GGACTCCTCGGGCT,39.5376081
CCACGGCCATAAAC,39.53760785
TCCTGAGCCTTTAA,39.5376076
CAGAGAGGCGAGGC,39.53760735
AGGACCGCCCGTCG,39.5376071
AGGACCGCAAGATT,39.53760684
CCACGGCCAATACA,39.53760659
GGACTCCTACCGGC,39.48175354
TAAGGCGATATGAA,39.44209994
CCACGGCCCGAGGC,39.30419989
GTCCGATTGCCAGG,39.27061135
CTCTCTACCAAATA,39.21746816
CGAGGCTGTTTCTT,39.20531741
CGTACTAGCGCCCT,39.15215211
GCTACGCTAATTCT,39.11005122
TAAGGCGAAATTCT,39.06296244
CTCTCTACAGGGGC,39.05645877
TCCTGAGCAATTCT,39.04562563
GCTACGCTCGAGGC,39.02106346
AGGCAGAAAATTCT,39.01517162
GCTACGCTGTACCG,39.01517137
CTCTCTACCAGGGG,39.01517111
CCGTTATTTCTGCA,39.01517086
CCGTTATTCAGGGG,39.01517061
GCTACGCTCAGGGG,39.01517036
ACATGTAAGGAGCC,39.01517011
TCCTGAGCACAATA,39.01516985
TAGGCATGCGGGCT,38.85046493
AGGCAGAACATTAT,38.85046468
CTCTCTACCGAGGC,38.85046443
CCACGGCCTTTCTT,38.85046418
TGTTAACTTAAAGT,38.85046392
TACGCTGCTCATAT,38.85046367
AAGAGGCAACCGGC,38.82561651
TAGGCATGGCCCTC,38.19746701
CAGAGAGGGTGCGC,38.19746676
TAGGCATGGCGAGC,38.19746651
TAGGCATGAGCGGG,38.19746626
CTCTCTACCGCTGC,38.18339266
TACCTGACCAGGGG,38.16240295
GTAGAGGATAGTAA,38.14104103
CAGAGAGGGCCCTC,38.13783838
GGACTCCTAGATTA,38.07649441
GCTACGCTTTTCTT,38.07303557
TAAGGCGACTTTAA,38.03075801
GGACTCCTCCACAT,37.72507554
CAGAGAGGTCGGGC,37.7169229
CGTACTAGTCATAT,37.71405666
GCTACGCTCCTGGC,37.56936208
TAAGGCGAGTACCG,37.55190979
TAGGCATGCGCTGC,37.49990396
CCACGGCCTGGCCG,37.48874583
CGAGGCTGCGAGGC,37.48287283
CGAGGCTGCCGTCG,37.44194717
AGGACCGCGGGGAC,37.43957104
TAGGCATGCCACAT,37.38291661
GGACTCCTGCCGTG,37.3829161
AGGCAGAACTTTAA,37.38286174
GGACTCCTTATTGT,37.38284756
AGGCAGAAGATAAT,37.38282953
ATGCGCAGTTATTG,37.38282927
CCACGGCCCACGGC,36.98188132
TACCTGACAAGATT,36.98188106
AAGAGGCATTGAAA,36.98188081
AAGAGGCAATACAA,36.95645027
CCACGGCCCAAATA,36.91404096
TTCTTCTAAAGATT,36.89924773
CACGAGTTTAGTAA,36.88850891
AAGAGGCAGGGCAG,36.88611843
CTCTCTACACTTAT,36.87666659
CGAGGCTGCAGGGG,36.87666633
TAGGCATGTCATAT,36.87532715
TTCTTCTATAATGA,36.87524158
CGTACTAGCTAGTG,36.87471408
TAAGGCGACGGGCT,36.87426677
CCACGGCCTAGTAA,36.8722428
GTAGAGGAAATCTT,36.87200299
TTCTTCTATCTGCA,36.17295395
CTCTCTACTATAGA,35.90791533
AGGCAGAATTTTGA,35.82526942
AGGACCGCGGCGTC,35.82381259
TCCTGAGCCAAATA,35.79929924
ACATGTAACCAACC,35.64210318
CAGAGAGGGCCGTG,35.63897049
AGGACCGCACGGGG,35.6389349
CGTACTAGTCGGGC,35.63172377
CGTACTAGCGGGCT,35.58724211
AGGCAGAATCGGGC,35.57023016
AAGAGGCAATTTCA,35.39516829
CGAGGCTGCATTAT,35.37229863
TACCTGACAATCTT,35.37165025
GGACTCCTAGCGGG,35.31732869
GTCCGATTGAGCGG,35.31394765
TCCTGAGCTATAGA,35.2103998
CGTACTAGCAAATA,35.20281774
GCTACGCTGAGCGG,35.18847039
AGGCAGAACACGGC,35.13577528
AGGCAGAAAGACCT,35.12682584
AAGAGGCACACCAA,35.10782027
CCACGGCCGCCCTC,35.10762051
AGGACCGCCAGGGG,35.09053876
AGGCAGAATGGCCG,34.96215453
TAAGGCGATCATAT,34.93558925
CCACGGCCCGGCCA,34.92679086
CGTACTAGTATTGT,34.91011032
TCCTGAGCTTTACA,34.89444378
CGTACTAGGCGCTG,34.8666858
ATTGTAATTCTGCA,34.84883198
CTCTCTACACCGGC,34.83770248
CCGTTATTATTTCA,34.5844235
TTCTTCTACAGGGG,34.5599064
AAGAGGCAAGCGGG,34.55990615
TACCTGACGGGGAC,34.55910799
GTAGAGGACAGGGG,34.55803361
GTAGAGGATCATAT,34.55418754
TAAGGCGACTAGTG,34.54856633
CTCTCTACGCGAGC,34.5316523
CAGAGAGGCAAATA,34.52920263
TCCTGAGCAATCTT,34.52920238
CGTACTAGGGGTCG,34.01272945
TTCTTCTATTAATC,34.00942728
AGGCAGAATTTACA,33.97168931
TACGCTGCTATGAA,33.94449335
CCACGGCCCACCAA,33.92223744
TAAGGCGAACCGGC,33.72134069
TAAGGCGAAGGGGC,33.69284491
CAGAGAGGAATCTT,33.68635147
TAAGGCGAAAGATT,33.6678756
TAAGGCGATTTTGA,33.64832225
TAGGCATGAATTCT,33.64513734
CAGAGAGGCGCTGC,33.64408855
AGGCAGAAATACAA,33.64267168
GCTACGCTGCCAGG,33.64124232
GGACTCCTCTAGTG,33.62958544
AAGAGGCACAAATA,33.61703482
AGGCAGAATGATTT,33.59775968
CGTACTAGGCGGTC,33.59775943
TCCTGAGCGCGAGC,33.59775917
TAGGCATGCTTTAA,33.59775892
CCACGGCCACCGGC,33.59775867
CAGAGAGGACCGGC,33.59775842
CCACGGCCGGCGTC,33.59775817
GTCCGATTTTATTG,33.59775791
GTCCGATTAAGATT,33.59775766
ATTGTAATAAGATT,33.59775741
TGTTAACTTTAATC,33.59775716
TTCTTCTATAAAGT,33.59775691
CCACGGCCGCTCGC,33.59775665
AAGAGGCATCATAT,32.9133623
CGAGGCTGCCTGGC,32.77690976
GTCCGATTTCTGCA,32.75973146
GGACTCCTCATTAT,32.75518926
TTCTTCTACCCCGT,32.74654552
TAGGCATGGTACCG,32.7335155
CAGAGAGGATTTCA,32.72793211
CTCTCTACTTTACA,32.7154467
GCTACGCTCCAACC,32.7137315
CAGAGAGGTCATAT,32.71180883
TGTTAACTACGGGG,32.69670765
TAGGCATGCACCAA,32.69670739
TACCTGACAGGGGC,32.69670714
TAGCGCTCCACCAA,32.11361235
TCCTGAGCGAGCGG,32.1136121
AGGCAGAATCTTAA,32.03470899
CAGAGAGGACGGGG,31.64644498
CCACGGCCCGCCCT,31.61340775
TTCTTCTAAGGGGC,31.6048466
CAGAGAGGGGGTCG,31.44124389
CCACGGCCTCCCGC,31.37442789
CTCTCTACTCCCGC,31.37315114
GCTACGCTTTTACA,31.31192849
GGACTCCTAGGGGC,31.2944028
CTCTCTACTTGAAA,31.28761775
ATTGTAATCCTGGC,31.28022495
TCCTGAGCCCGTCG,31.2626929
CGAGGCTGGCACGG,31.21705612
CCGTTATTATTCTA,31.17774004
CGTACTAGTGATTT,31.14886022
GGACTCCTGGGCAG,31.11920469
GTAGAGGAGCGAGC,31.04873466
CGAGGCTGTATAGA,30.95744532
CTCTCTACATTCTA,30.95695132
AGGCAGAACGCCCT,30.9419772
AGGCAGAACGGCCA,30.92791376
CGTACTAGTATGAA,30.91628459
AGGCAGAAGCGAGC,30.89441644
TAGGCATGACCGGC,30.89387355
ATTGTAATTAATGA,30.88152111
GGAGCTACATTACT,30.86273974
CGTACTAGCGGCCA,30.83688602
AAGAGGCACAGGGG,30.81532641
TCCTGAGCAGGGGC,30.78827513
AGGCAGAAGCGCTG,30.72055848
CGAGGCTGGTACCG,30.67768976
GTAGAGGACACCAA,30.6562006
CGTACTAGACCGGC,30.49154785
TAAGGCGAACGGGG,30.4470826
CAGAGAGGGTAATA,30.38991673
CCACGGCCAGCGGG,30.38991648
TACCTGACTCCCGC,30.36827797
TAAGGCGACCAACC,30.35206276
TTCTTCTATCCCGC,30.32891881
GGACTCCTGGGTCG,30.32377951
TCCTGAGCGGGTCG,30.31832091
CAGAGAGGCAGGGG,30.31825879
GGACTCCTAATCTT,30.31825854
TAAGGCGAAATCTT,30.31825829
GGACTCCTTTTCTT,30.31825804
CGTACTAGGTGCGC,29.93306434
TAAGGCGAGGGTCG,29.87700061
AAGAGGCATTTCTT,29.85479922
ACATGTAATAGTAA,29.73130219
TAGGCATGGCCAGG,29.50381777
CCGTTATTCCGTCG,29.50381752
CAGAGAGGTTGAAA,29.50381727
GTAGAGGATATAGA,29.50381701
CGAGGCTGTACTAT,29.50080722
CAGAGAGGGCGCTG,29.47769709
TCCTGAGCTAGTAA,29.47089112
CGAGGCTGTAGTAA,29.45620319
TTCTTCTAGGGGAC,29.4494734
GTAGAGGAGGGGAC,29.44533961
TCCTGAGCTCCCGC,29.44202902
TCCTGAGCTTTCTT,29.27856765
CCACGGCCCCACAT,29.27856739
GTAGAGGAATTCTA,29.27856714
AGGCAGAACGCGCA,29.27856689
AAGAGGCAATTCTA,29.27745046
AAGAGGCAAGATTA,29.25563952
CCACGGCCAAGATT,29.24745394
TAGGCATGTTTACA,29.24454885
CGTACTAGGTACCG,29.23721139
GGACTCCTATTTCA,29.23103975
AGGACCGCTTATTG,29.2114888
GGACTCCTCAAATA,29.21100126
CAGAGAGGCACCAA,29.20370381
ATTGTAATCCGGAC,29.16448063
GTAGAGGATTGAAA,29.15776107
GGACTCCTCAGGGG,29.15776082
TACCTGACAATACA,29.04697099
GGACTCCTGCGAGC,28.94532202
TACCTGACCTGCGG,28.94329221
AAGAGGCAGTACCG,28.94169378
TAGGCATGTATAGA,28.91506365
AGGCAGAACTAGTG,28.8740869
AAGAGGCAGGGGAC,28.84577415
AGGCAGAACACCAA,28.83571233
ATTGTAATGAGCGG,28.82604459
CGTACTAGGCCAGG,28.82604434
GGACTCCTGCCAGG,28.82604409
TAGGCATGGCACGG,28.82604384
AAGAGGCATAGTAA,28.78260396
AGGACCGCTACTAT,28.7260869
GTAGAGGAATTTCA,28.46123406
ACATGTAACCGGAC,28.44798041
GTAGAGGAAAATTG,28.41146875
AGGCAGAATCATAT,28.4114685
AGGACCGCAATACA,28.41146825
CCGTTATTTTATTG,28.411468
ACATGTAAATTCTA,28.41146774
CGTACTAGAAGATT,28.41146749
CGTACTAGCGCTGC,28.06045476
CCGTTATTGGGATT,28.06003959
CTCTCTACTATGAA,28.05405729
TAAGGCGAGCCAGG,28.02932972
GGACTCCTTTTACA,28.01737661
TAAGGCGATTTCTT,28.01100875
GGACTCCTAGACCT,28.00842525
TACCTGACACGGGG,27.97473972
CGAGGCTGGGGTCG,27.88453787
TAGGCATGACGGGG,27.77962734
CAGAGAGGTATAGA,27.7648127
AGGACCGCCCGGAC,27.7489156
ACATGTAAGCTCGC,27.73267254
TACCTGACTACTAT,27.7282871
CCACGGCCCCGTCG,27.70306819
AAGAGGCATATAGA,27.69816385
CGTACTAGCCACAT,27.69416947
AAGAGGCAACGGGG,27.69246188
TGCAGCTAGGCCAC,27.65482738
AAGAGGCACCTGGC,27.51458391
CAGAGAGGGGGCAG,27.49617052
TAAGGCGATCCCGC,27.49604227
TACCTGACGGAGCC,27.48437653
CCACGGCCGACCGC,27.46807373
TCCTGAGCATTTCA,27.46565747
ATGCGCAGTGTTTA,27.46401243
TAAGGCGAGCACGG,27.43128629
CGTACTAGTTGAAA,27.43005562
AAGAGGCAAGGGGC,27.39450609
TGTTAACTCCGGAC,27.30047281
AAGAGGCAGCGAGC,27.29352839
TAGGCATGGGGTCG,27.28969433
ATGCGCAGTTAGTT,27.23428286
CCACGGCCGGGGAC,26.7604916
CAGAGAGGAGATTA,26.72926043
CAGAGAGGGCGAGC,26.68878984
CAGAGAGGTTTCTT,26.55068449
TAAGGCGACCTGGC,26.54489804
AGGCAGAATAGTAA,26.53607791
AGGCAGAAGCCAGG,26.31415975
CTCTCTACGCACGG,26.28111557
AGGACCGCTCTGCA,26.26758101
CGTACTAGCCAACC,26.23659648
GTCCGATTGGGCAG,26.22051916
GGACTCCTACGGGG,26.17283435
TACCTGACGGCGTC,26.07851323
ACATGTAACCGTCG,26.06794941
CCACGGCCTTATTG,26.03764096
AGGCAGAACCACAT,25.98577714
TCCTGAGCGCCAGG,25.88945519
CACGAGTTCCCACG,25.68901582
AGGACCGCCGCGCA,25.68415668
ATTGTAATGGGCAG,25.65525897
GGACTCCTCGAGGC,25.62428779
CAGAGAGGTCCCGC,25.58289044
TAAGGCGAATTTCA,25.55816199
GCTACGCTAATCTT,25.52692884
CTCTCTACGGGGAC,25.50606439
CCACGGCCCCGGAC,25.48903218
CAGAGAGGTATTGT,25.43077057
CCACGGCCATTCTA,25.41839631
AGGCAGAACAAATA,25.41839606
CACGAGTTTTATTG,25.16047914
CACGAGTTTTAGTT,25.07748255
CCACGGCCAGGGGC,25.07385503
TGTTAACTGTTCGA,25.04014385
GGAGCTACATTTCA,25.00175215
TACGCTGCTCTTAA,24.94578892
AAGAGGCACCGTCG,24.94578867
TCCTGAGCTTTTGA,24.94578842
TAGGCATGCGAGGC,24.92887562
CGAGGCTGTTTACA,24.92852404
CACGAGTTGACCGC,24.92329746
CGTACTAGTAGTAA,24.85739777
CTCTCTACGAGCGG,24.66184638
TAGGCATGGAGCGG,24.65670519
AGGCAGAAACCGGC,24.61927081
GGACTCCTGTACCG,24.61927056
CGTACTAGCTTTAA,24.6192703
TCCTGAGCCAGGGG,24.61927005
GTAGAGGATTTCTT,24.6192698
AGGCAGAAGCCGTG,24.61926955
TGTTAACTTCTGCA,24.6192693
CGTACTAGCAGGGG,24.61926904
TCCTGAGCGTACCG,24.61926879
AGGCAGAACCTGGC,24.61926854
TAAGGCGACAGGGG,24.61926829
TGTTAACTCCAACC,24.61926803
GCTACGCTGCACGG,24.61926778
AGGCAGAATATTGT,24.60467431
ACATGTAACAGGGG,24.14961514
GTCCGATTGGCCAC,24.11571705
GTAGAGGAAGGGGC,24.10623181
TAGGCATGCAAATA,23.96439162
ACATGTAAGGGGAC,23.94059143
CAGAGAGGGCCAGG,23.89456204
TAGGCATGTAGTAA,23.77212363
CAGAGAGGTACTAT,23.64948332
TACCTGACCCGGAC,23.58834822
CAGAGAGGTTTACA,23.53379467
AGGCAGAAGGGTCG,23.50002127
CCACGGCCGAGCGG,23.3600889
AGGCAGAACGAGGC,23.29947905
CCACGGCCCAGGGG,23.29362225
ATTGTAATCGTGGG,23.2885912
TAAGGCGAGAGCGG,23.26319392
AGGACCGCGTACCG,23.24158295
AGGCAGAATATGAA,23.23783608
CACGAGTTAATACA,23.2185574
GTCCGATTCCCCGT,23.20454278
TAGGCATGTATTGT,23.20189059
CAGAGAGGCCTGGC,23.17923485
CGTACTAGCCGTCG,23.17864943
TAGGCATGATTTCA,23.17614798
ACATGTAATTATTG,23.16786522
TTCTTCTATTGAAA,23.16786496
CGTACTAGTTTACA,23.16786471
AAGAGGCAGCCAGG,23.16786446
ATTGTAATGACCGC,23.16786421
TAAGGCGATAGTAA,23.16786396
CCGTTATTCCGGAC,22.73490049
AGGCAGAAGAGCGG,22.7190696
AAGAGGCAGGGTCG,22.69551206
TACCTGACTTGAAA,22.68302647
TAAGGCGACACCAA,22.33174342
GTAGAGGACGAGGC,22.31901191
ACATGTAAACGGGG,22.28900823
TCCTGAGCTACTAT,22.25317266
GGACTCCTTAGTAA,22.21444142
CGTACTAGCCTGGC,22.21327977
AGGCAGAATTTCTT,22.20621521
CTCTCTACATTTCA,22.20312156
ACATGTAAATTACT,22.18948786
GTAGAGGATTTACA,22.18131147
CTCTCTACTACTAT,22.18003595
ACATGTAAAGGGGC,22.18003569
TAGGCATGTTTCTT,22.18003544
TTCTTCTACCGTCG,21.93523646
ACATGTAATTGAAA,21.93523621
CCGTTATTTACTAT,21.93523596
CCGTTATTTTAATC,21.93523571
ATTGTAATGCTAGA,21.93523545
CTCTCTACGTACCG,21.9352352
TAGGCATGTCCCGC,21.93523495
AGGACCGCATCAAA,21.9352347
CCGTTATTGACCGC,21.93523445
CCACGGCCGTTCGA,21.92710769
TAGGCATGCAGGGG,21.69968431
ACATGTAACGGTGG,21.66449566
TTCTTCTAACGGGG,21.63216144
CCACGGCCACGGGG,21.49638551
TAGGCATGAGGGGC,21.47510083
TGTTAACTCGTGGG,21.45239973
AGGCAGAAGTACCG,21.4316798
TAAGGCGACGAGGC,21.36814646
TCCTGAGCCCTGGC,21.36142973
TGTTAACTTACTAT,21.35900634
CACGAGTTAAGATT,21.35790834
CACGAGTTCTGCGG,21.33691295
CGTACTAGAGGGGC,21.32697852
AAGAGGCAGAGCGG,20.8214505
GTAGAGGAATCAAA,20.79586794
CCACGGCCTCTGCA,20.77479225
GTCCGATTTAAAGT,20.77071617
CAGAGAGGCCCTGG,20.76519464
CAGAGAGGGTACCG,20.75431247
AGGCAGAATCCCGC,20.72107478
AGGCAGAAACGGGG,20.68934591
CAGAGAGGAGGGGC,20.65842111
GTCCGATTATTACT,20.49817401
ATTGTAATCCGTCG,20.49538007
AGGCAGAAAGCGGG,20.49083057
AGGACCGCGCTCGC,20.44891295
TAAGGCGAGACCGC,20.40387543
AGGCAGAAAGGGGC,20.39915664
CGTACTAGCGAGGC,20.2216191
CCGTTATTCGTGGG,20.22161884
AGGACCGCTTGAAA,20.22161859
GGACTCCTCCTGGC,20.20415705
AAGAGGCAGCACGG,20.19683322
CCGTTATTGCTAGA,20.17083088
TTCTTCTAGACCGC,20.0332368
CGTACTAGAAAGTT,20.00716966
GTCCGATTATTCTA,19.95299778
ATTGTAATGGCCAC,19.94578965
GCTACGCTCCGTCG,19.94376753
GGACTCCTGCACGG,19.9390864
CACGAGTTATTCTA,19.93836586
GTCCGATTGGGATT,19.93249214
CCGTTATTGGCCAC,19.92579302
CAGAGAGGGGGGAC,19.92187965
ATTGTAATATCAAA,19.91624738
CCGTTATTAAGATT,19.33129188
TCCTGAGCGCACGG,19.25693334
ATTGTAATAAAGTT,19.22738334
CCGTTATTTTGAAA,19.21338484
GCTACGCTGGGCAG,19.02058929
CCGTTATTCTGCGG,19.01682829
ATTGTAATATTACT,19.01261517
GCTACGCTGGGTCG,19.00693538
CAGAGAGGCCGTCG,18.99527201
TGTTAACTTTATTG,18.97831608
CGTACTAGGGGGAC,18.95868316
GCTACGCTCGTGGG,18.93501628
CGAGGCTGCCAACC,18.93290067
AGGCAGAATTGAAA,18.89194314
CGTACTAGGGGCAG,18.88585389
TCCTGAGCCCCCGT,18.8612705
TACCTGACCCAACC,18.54906677
AGGCAGAATACTAT,18.53135471
GTAGAGGACCTGGC,18.52863737
CGTACTAGACGGGG,18.51493504
CGAGGCTGGAGCGG,18.50436253
TTCTTCTAGGCGTC,18.50336464
TACCTGACCGTGGG,18.49639838
AGGCAGAAGGGCAG,17.91103486
GTCCGATTCCGGAC,17.90844342
CACGAGTTAAAGTT,17.89229546
TTCTTCTAGGAGCC,17.8854258
CACGAGTTGGCCAC,17.87394108
TCCTGAGCTAAAGT,17.87353418
TTCTTCTAATTACT,17.86353868
CACGAGTTCCAACC,17.86276929
AGGACCGCCCCACG,17.86264923
GGACTCCTGGGGAC,17.85637023
CTCTCTACCCCCGT,17.1959904
CGAGGCTGATTCTA,17.17710863
CTCTCTACCCAACC,16.93582095
TAGGCATGTAATGA,16.80055605
TACCTGACTAAAGT,16.67535672
ACATGTAAAAGATT,16.67121613
GTCCGATTGTTCGA,16.66268948
CGAGGCTGGGGCAG,16.66267193
GTAGAGGAGGAGCC,16.64799655
GTCCGATTATATAG,16.64701713
TAAGGCGATTAATC,16.64680036
AGGCAGAACAGGGG,16.64182231
AGGCAGAAGCACGG,16.59457452
AGGACCGCGCACGG,16.43425876
CACGAGTTTCTGCA,16.43425851
ATTGTAATGGGATT,16.43425825
GGACTCCTTAAGAT,16.34632713
GTAGAGGACCGGAC,16.30210898
CGAGGCTGCCCCGT,16.17026521
TGTTAACTAAAGTT,16.16867506
TTCTTCTAGCTAGA,16.15010302
CTCTCTACATCAAA,16.13240646
AAGAGGCATAATGA,16.12958315
TAGGCATGCCTGGC,16.0947364
CACGAGTTCCCTGG,16.09426935
GGACTCCTATGAAT,16.08970561
GCTACGCTGGAGCC,16.08650856
TAGGCATGATCAAA,16.07656234
AGGACCGCATTACT,16.07433985
TAAGGCGAGGGGAC,16.06177686
ACATGTAAGGCCAC,16.06177661
CCGTTATTCCCCGT,16.06177636
GTCCGATTTAATGA,15.78189859
TGTTAACTGGCCAC,15.78189834
GGACTCCTTCCCGC,15.7297766
CTCTCTACGGCGTC,15.68522722
CAGAGAGGGCACGG,15.56817384
AGGCAGAACGCTGC,15.56787473
GTAGAGGAGGGATT,15.47799079
TCCTGAGCGTTCGA,15.44891338
CACGAGTTTACTAT,15.4298204
AAGAGGCATTAATC,15.27530002
ATTGTAATTAAAGT,15.23402483
AAGAGGCAGACCGC,15.17249623
CAGAGAGGCGTGGG,14.96583924
TAAGGCGACGTGGG,14.9179845
CCACGGCCGTTTAT,14.91356248
CAGAGAGGGAGCGG,14.90487672
TACCTGACTAATGA,14.89107939
TGTTAACTGCTAGA,14.8706927
GTCCGATTGACCGC,14.69876464
TCCTGAGCTATTGT,14.39541224
CGTACTAGGACCGC,14.39541199
TGTTAACTCTGCGG,14.34746198
TCCTGAGCAAGATT,14.34154415
CCGTTATTATCAAA,14.33716881
CCACGGCCATTACT,14.33238203
CACGAGTTCCGGAC,14.32185409
TACCTGACGTTCGA,14.31845443
GTAGAGGAGCTCGC,14.31479163
AAGAGGCACCCTGG,14.30478302
AGGCAGAAATCAAA,14.27423754
CCGTTATTCCCACG,14.27409307
AGGCAGAAAATCTT,14.26987417
ACATGTAATAATGA,14.26690571
CCACGGCCTAATGA,14.24951805
TAGGCATGGGAGCC,14.18916279
TACCTGACGGGATT,14.17588599
CGTACTAGCCCCGT,14.15148047
CCACGGCCCTGCGG,14.11454147
TTCTTCTACCGGAC,14.11202241
TACCTGACATATAG,14.09687914
AGGCAGAACCGTCG,14.09218592
CGTACTAGGCACGG,13.74373216
CTCTCTACTTATTG,13.60380638
GTAGAGGATAAAGT,13.59816749
TAGGCATGAATCTT,13.56704459
GCTACGCTGGGATT,13.53932108
TAGGCATGAAAGTT,13.53406582
TCCTGAGCGGCCAC,13.49431303
CTCTCTACTTAATC,13.4915722
CGAGGCTGAAAGTT,13.31760248
ACATGTAATTAATC,13.2895651
GTCCGATTGGCGTC,13.2329134
TTCTTCTACGTGGG,13.19722448
AAGAGGCAAAAGTT,13.15034698
ACATGTAACTGCGG,13.08187562
AGGACCGCGGCCAC,13.01167673
CCGTTATTATTACT,12.89360378
CCGTTATTATATAG,12.83061116
TACCTGACGTTTAT,12.55788834
CACGAGTTTTAATC,12.53973968
GTCCGATTTTAATC,12.42884367
CCACGGCCGGAGCC,12.27070784
TTCTTCTAATCAAA,12.154906
TCCTGAGCGGGGAC,12.12886741
ACATGTAAGGGATT,12.12886716
AAGAGGCAAATCTT,12.10393604
TGTTAACTGTTTAT,12.0941576
TACCTGACGAGCGG,12.05812963
GCTACGCTTTAATC,12.05148026
AGGCAGAAGGGGAC,12.04661809
GCTACGCTGGGGAC,12.03384672
TAGGCATGTAAAGT,12.02277819
CCACGGCCAAAGTT,12.01610849
TCCTGAGCGGAGCC,11.88550171
AAGAGGCACCAACC,11.81665657
TGTTAACTGGGCAG,11.80711257
TCCTGAGCGACCGC,11.78690663
CCACGGCCGGCCAC,11.72791346
TACCTGACGGCCAC,11.68764402
CAGAGAGGGCTAGA,11.57435717
AGGACCGCATTCTA,11.38081439
AGGACCGCGGGCAG,11.35762153
CAGAGAGGATCAAA,11.34932478
ACATGTAAGTTTAT,11.34283372
TCCTGAGCGGGATT,11.32517582
AGGACCGCCGTGGG,11.26717024
AAGAGGCATTATTG,11.2311781
AAGAGGCACCCCGT,11.15379782
CCACGGCCCCAACC,11.12836861
TGTTAACTTTAGTT,11.1125523
CCACGGCCTTGAAA,11.00204118
GGACTCCTATCAAA,11.00204092
CACGAGTTTAATGA,11.00204067
GTAGAGGACCCCGT,11.00204042
CTCTCTACGGGATT,11.00204017
TTCTTCTATTATTG,11.00203991
CGTACTAGTCCCGC,10.98847945
TAAGGCGACTGCGG,10.98567499
AAGAGGCAGGGATT,10.94936641
TCCTGAGCTTAATC,10.92064195
TAAGGCGATAAGAT,10.85756376
TAAGGCGAATCAAA,10.7781377
CGTACTAGGAGCGG,10.76601839
ACATGTAAGTTCGA,10.73427976
TGTTAACTCCCACG,10.72915158
ACATGTAAATCAAA,10.72481294
GGACTCCTGAGCGG,10.71268823
AGGCAGAACCAACC,10.71268797
CGAGGCTGATCAAA,10.71268772
CGTACTAGATTTCA,10.71268747
TGTTAACTCCCTGG,10.71268722
ACTCGCTAAGATTA,10.71268697
AAGAGGCAGGCGTC,10.71268671
CTCTCTACATGAAT,10.71268646
CCACGGCCATATAG,10.71268621
ACATGTAACCCACG,10.44775813
CAGAGAGGCCCCGT,10.41753127
GTAGAGGATTAATC,10.35674074
CACGAGTTGTTTAT,10.33902814
ATTGTAATTTAATC,10.26352345
CCACGGCCATCAAA,10.23452352
AAGAGGCAGTTTAT,10.23452327
CCGTTATTGTTCGA,10.22148648
AGGACCGCGAGCGG,10.17576785
TACCTGACTTAATC,10.1757676
ACATGTAATGTTTA,10.17340625
ATTGTAATGTTTAT,10.13793683
AGGCAGAATATAGA,10.0546228
TCCTGAGCATGAAT,9.980740528
AGGACCGCGGGATT,9.971841638
TGTTAACTATATAG,9.929173553
TCCTGAGCTAAGAT,9.923797293
CTCTCTACCCTGGC,9.91083113
AGGACCGCGACCGC,9.88295461
AAGAGGCAATCAAA,9.87220322
CTCTCTACCGTGGG,9.835933033
AGGCAGAAGGGATT,9.798522208
AGGCAGAAATGAAT,9.789889397
CAGAGAGGGGGATT,9.783877572
CTCTCTACCCCTGG,9.566694859
ACATGTAAATATAG,9.538058569
AAGAGGCAGTTCGA,9.12951933
AGGCAGAATTATTG,9.097280513
TAAGGCGACCCCGT,8.987340534
TGTTAACTGGGATT,8.90309794
AGGCAGAACGTGGG,8.903097688
GGACTCCTTTATTG,8.897027796
AAGAGGCAGCTAGA,8.855214948
ACATGTAATAAGAT,8.824804363
TTCTTCTAGGGATT,8.740934188
ACATGTAATAAAGT,8.740933936
CTCTCTACGGCCAC,8.740933684
CAGAGAGGTAAAGT,8.740933431
CCACGGCCTAAAGT,8.740933179
TACCTGACTCTGCA,8.740932927
TACCTGACCCCCGT,8.740932675
CACGAGTTCCCCGT,8.732883405
CGTACTAGATCAAA,8.731195523
TAGGCATGTTAATC,8.701137632
TAAGGCGATAAAGT,8.657803159
GGACTCCTCGTGGG,8.645164962
CGAGGCTGTTAATC,8.608996542
CGTACTAGTAAGAT,8.443835999
GTAGAGGAGTTCGA,8.375414318
CCACGGCCTACTAT,8.275284843
GTCCGATTGCTCGC,8.24784097
CGAGGCTGGGGATT,8.204310081
CGAGGCTGTAAAGT,8.179067496
ACATGTAAGACCGC,8.143713585
CGTACTAGGGCGTC,8.0984341
GCTACGCTCCCCGT,8.002237747
AGGCAGAATTAATC,7.958655672
ACATGTAAGGGCAG,7.939727876
GTCCGATTATGAAT,7.937138654
TAGGCATGATGAAT,7.932912345
CCGTTATTTGTTTA,7.914325236
AGGACCGCTTAATC,7.902145705
TTCTTCTAATATAG,7.868900422
ATTGTAATTTATTG,7.85988474
GTAGAGGAATATAG,7.838301113
AGGACCGCGCTAGA,7.832565091
TACCTGACTGTTTA,7.722365587
TAGGCATGCCCCGT,7.696956835
CAGAGAGGGTTCGA,7.584357681
CGTACTAGTTATTG,7.566172819
TAAGGCGAGTTTAT,7.558885956
GGACTCCTTTAATC,7.520576039
ATTGTAATTAAGAT,7.12629412
CAGAGAGGCCAACC,7.075014397
GCTACGCTTAAAGT,6.966698584
GTCCGATTGCTAGA,6.898129825
GTCCGATTTTAGTT,6.883718644
ATTGTAATTTAGTT,6.864927898
CCGTTATTAAAGTT,6.864491798
TAAGGCGAGGGATT,6.850368257
ACTCGCTAAATTCT,6.848664445
GTCCGATTGTTTAT,6.773793246
TTCTTCTACTGCGG,6.763495962
AGGACCGCATATAG,6.762033539
AAGAGGCAATGAAT,6.739581022
CCGTTATTGGAGCC,6.595630309
AGGACCGCCTGCGG,6.52013994
GTCCGATTCTGCGG,6.42859587
CACGAGTTATTACT,6.402191187
TAGGCATGGCTAGA,5.991895401
CAGAGAGGTTAATC,5.932105864
CGAGGCTGCGTGGG,5.924819438
ACATGTAATTAGTT,5.911091116
TAAGGCGAGGCGTC,5.908844394
TTCTTCTAGGCCAC,5.864752567
AGGACCGCGTTTAT,5.863218246
CGTACTAGGCTCGC,5.855235635
AAGAGGCACGTGGG,5.76752798
GTCCGATTCCCTGG,5.760381708
TAGGCATGTTGAAA,5.751531751
TAGGCATGCGTGGG,5.723544559
CCACGGCCCGGTGG,5.715646686
AGGCAGAACCCCGT,5.710513123
AAGAGGCATAAAGT,5.689565534
TAGGCATGCGGTGG,5.659579084
TCCTGAGCGCTAGA,5.449504152
GTAGAGGAGGCCAC,5.386602907
CGTACTAGCGTGGG,5.317361181
TAGGCATGGGGGAC,5.236665982
TCCTGAGCCCAACC,5.219692368
TACCTGACTTATTG,5.217811512
GTAGAGGATTAGTT,5.205127368
TAGGCATGGGGATT,5.101419411
GGACTCCTCCCCGT,5.040555059
CGTACTAGTTAATC,5.039065162
ACATGTAACGTGGG,5.01074862
CGTACTAGGGGATT,4.959661533
TAAGGCGAATATAG,4.502359027
GTAGAGGACTGCGG,4.502358775
ATTGTAATCCCTGG,4.502358523
CTCTCTACCCCACG,4.454455613
CAGAGAGGTCTGCA,4.436126109
GGACTCCTGGGATT,4.3626056
ATTGTAATATGAAT,4.359405055
GGACTCCTTAAAGT,4.356700261
TGTTAACTTAAGAT,4.18752857
GTCCGATTCGGTGG,4.187528317
CGTACTAGCCCACG,4.187528065
CACGAGTTATGAAT,4.169624601
GTAGAGGACGGTGG,4.164584677
TACCTGACCCCACG,4.148996757
CCACGGCCCCCCGT,4.13342661
TAAGGCGACGGTGG,4.124428583
TAGGCATGGTTTAT,4.100941875
CCACGGCCATGAAT,4.09882195
AGGACCGCTAATGA,4.098222003
AGGCAGAACCCACG,4.091236759
CGAGGCTGGTTTAT,4.031332735
AAGAGGCAATTACT,3.945330952
CAGAGAGGAAGATT,3.917951566
CCGTTATTTAAGAT,3.872168698
GGACTCCTGGAGCC,3.806712132
CCACGGCCCGTGGG,3.796986654
TACCTGACTTAGTT,3.796049647
CACGAGTTGAGCGG,3.76587167
GTCCGATTTGTTTA,3.70099081
GTAGAGGACCCTGG,3.664986661
TACCTGACTAAGAT,3.600387304
CTCTCTACATATAG,3.551407723
CGAGGCTGCCCACG,3.525532149
CACGAGTTGCTAGA,3.449716244
CCACGGCCGCTAGA,3.447967186
GGACTCCTTCTGCA,2.361370074
CAGAGAGGTAATGA,2.361369822
CTCTCTACAAGATT,2.36136957
CCACGGCCTTAGTT,2.361369318
AGGACCGCCCCCGT,2.361369065
TTCTTCTAAAAGTT,2.361368813
CCGTTATTGTTTAT,2.361368561
CGAGGCTGATATAG,2.361368309
AGGACCGCTAAGAT,2.361368057
TACCTGACATCAAA,2.361367804
GTCCGATTTAAGAT,2.361367552
CCACGGCCGGGCAG,2.355852863
TTCTTCTACGGTGG,2.263751715
AAGAGGCATGTTTA,2.104214306
CGTACTAGTCTGCA,2.045440239
AGGACCGCCCCTGG,2.042118924
TTCTTCTATTAGTT,2.026318081
AGGACCGCGTTCGA,1.953972643
GCTACGCTTGTTTA,1.944787503
AGGCAGAACCGGAC,1.934137251
AGGCAGAAATATAG,1.928229705
TAAGGCGATGTTTA,1.903113354
TAGGCATGATATAG,1.894569096
CCACGGCCCCCACG,1.809021013
CAGAGAGGTGTTTA,1.784231565
TACCTGACATTACT,1.73663576
CAGAGAGGATATAG,1.71951305
TTCTTCTACCCACG,1.709181818
CAGAGAGGCCCACG,1.678156573
ATTGTAATTGTTTA,1.671496359
TCCTGAGCGTTTAT,1.666034843
GTAGAGGACCCACG,1.649204348
CGAGGCTGTTGAAA,1.631702241
CAGAGAGGCGGTGG,1.605274546
GTAGAGGAAAGATT,1.58561448
TAGGCATGATTACT,1.555848366
AGGCAGAATGTTTA,1.527145803
TAAGGCGACCCACG,1.526597152
TGTTAACTTGTTTA,1.516069373
TGTTAACTATGAAT,1.505010908
TCCTGAGCCGGTGG,1.424810897
CTCTCTACGCTCGC,1.403012771
GTAGAGGAGCTAGA,1.393107676
AGGACCGCCGGTGG,1.186085753
CGAGGCTGGCTAGA,1.116292828
TGTTAACTCCCCGT,1.11164981
GGACTCCTATATAG,1.108534354
AGGCAGAAGCTAGA,1.105535572
GTAGAGGATGTTTA,1.102298292
ACATGTAAAAAGTT,1.095271241
CCGTTATTATGAAT,1.092770823
CTCTCTACTGTTTA,1.068078336
CCACGGCCGGGATT,1.06264011
CACGAGTTGGCGTC,1.051987374
ACATGTAACCCTGG,1.031422926
TACCTGACCCCTGG,1.002590207
ACATGTAAATGAAT,0.990379309
CCGTTATTGGGCAG,0.984016142
TAGGCATGTGTTTA,0.968765026
CCACGGCCTGTTTA,0.963688118
TTCTTCTAATGAAT,0.942071578
CACGAGTTATATAG,0.93065045
AGGACCGCTTAGTT,0.913728737
CAGAGAGGGTTTAT,0.908563481
TACCTGACCGGTGG,0.869068488
TCCTGAGCGGCGTC,0.787581348
GCTACGCTCCCACG,0.757678735
CTCTCTACGCTAGA,0.730891677
GCTACGCTATATAG,0.729269846
TACCTGACGCTAGA,0.726378682
TCCTGAGCCGTGGG,0.716238922
CCACGGCCCCCTGG,0.694928153
TTCTTCTACCCTGG,0.666457877
ATTGTAATCGGTGG,0.665181036
TGTTAACTCGGTGG,0.663089432
ACATGTAAGCTAGA,0.647452429
AGGCAGAAGTTCGA,0.583198252
ATTGTAATCTGCGG,0.574159448
CGTACTAGGCTAGA,0.523393028
TTCTTCTATAAGAT,0.505873554
CCACGGCCTTAATC,0.502571088
CCGTTATTTTAGTT,0.488498341
CCGTTATTTAAAGT,0.467629364
TTCTTCTAGTTCGA,0.464387356
CAGAGAGGCCGGAC,0.435490235
CACGAGTTTGTTTA,0.429496838
CCACGGCCTAAGAT,0.401608493
TTCTTCTAGTTTAT,0.400362756
CCGTTATTCCCTGG,0.380946446
TACCTGACATGAAT,0.358047251
AAGAGGCACCCACG,0.177881508
TAGGCATGCCCACG,0.124987026
CTCTCTACGTTTAT,0.027191436
AAGAGGCAATATAG,0
